[
    {
      "id": 1,
      "name": "Indigo",
      "from": "BLR",
      "to": "IDR",
      "depTime":"3:05",
      "depDate":"12/12/2018",
      "price":2600
    },
     {
      "id": 2,
      "name": "Air India",
      "from": "BHO",
      "to": "BLR",
      "depTime":"2:00",
      "depDate":"11/11/2018",
       "price":5000
    },
    {
      "id": 3,
      "name": "Air Asia",
      "from": "DEL",
      "to": "BLR",
      "depTime":"4:10",
      "depDate":"6/11/2018",
       "price":12600
    }    
  ]
